index,skew,P_A1,O_A1,P_A2,O_A2,P_B1,O_B1,P_B2,O_B2,EVA,EVB,EVD,SDA,SDB,SDD,skewness_a,skewness_b,skewness_diff,evd_bins,sdd_bins,simple_EVA,simple_SDA,simple_skewness_A,complex_OA1,complex_PA1,complex_OA2,complex_PA2,complex_OA3,complex_PA3,complex_OA4,complex_PA4,complex_OA5,complex_PA5,complex_OA6,complex_PA6,complex_OA7,complex_PA7,complex_EVA,complex_SDA,complex_skewness_A,simple_EVB,simple_SDB,simple_skewness_B,complex_OB1,complex_PB1,complex_OB2,complex_PB2,complex_OB3,complex_PB3,complex_OB4,complex_PB4,complex_OB5,complex_PB5,complex_OB6,complex_PB6,complex_OB7,complex_PB7,complex_EVB,complex_SDB,complex_skewness_B,simple_EVD,simple_SDD,simple_skewness_D,complex_EVD,complex_SDD,complex_skewness_D,EUA,EUB,EUA_simple,EUB_simple,EUD_CC,EUD_SC,EUD_CS,EUD_SS,after_diff_CC,after_diff_CS,after_diff_SC,after_diff_SS
17,lr,0.82,98,0.18,11,0.12,143,0.88,85,82.34,91.96,-9.61999999999999,33.42430851939947,18.84776909875543,14.576539420644039,-1.6658534601451331,2.3387383286073034,-4.004591788752436,-11 to -9,14 to 16,82.34,33.42430851939947,-1.665853460145133,119,0.22,99,0.26,84,0.24,67,0.1,49,0.02,29,0.08,3,0.08000000000000011,82.32,33.84460961512188,-1.0598094500705109,91.96,18.84776909875543,2.338738328607303,162,0.03,136,0.06,119,0.02,104,0.1,94,0.14,87,0.31,76,0.34,91.77000000000001,19.683421958592465,1.9413064624980005,-9.61999999999999,14.576539420644039,-4.004591788752435,-9.450000000000017,14.161187656529417,-3.0011159125685114,72.4265868257844,96.54305384075253,70.55792733630483,97.06948862913302,-24.116467014968137,-25.985126504447706,-24.64290180334862,-26.51156129282819,-14.496467014968147,-15.022901803348631,-16.365126504447716,-16.8915612928282
32,lr,0.81,49,0.19,9,0.17,44,0.83,29,41.400000000000006,31.55,9.850000000000005,15.692036196746425,5.634491991297884,10.05754420544854,-1.5804194999972065,1.7570350646145017,-3.337454564611708,9 to 11,9 to 11,41.400000000000006,15.692036196746425,-1.5804194999972063,59,0.25,48,0.28,43,0.02,39,0.26,30,0.04,19,0.06,2,0.08999999999999977,41.71,16.312752680035324,-1.162397323124404,31.55,5.634491991297884,1.7570350646145017,62,0.02,37,0.26,34,0.17,32,0.05,30,0.12,28,0.13,24,0.2499999999999999,31.48,6.59314795829731,1.7603996353798737,9.850000000000005,10.05754420544854,-3.3374545646117078,10.23,9.719604721738014,-2.9227969585042777,36.78797949096424,32.809695344928414,36.005249909750816,32.66389987371052,3.9782841460358256,3.1955545648224017,4.12407961725372,3.3413500360402963,-5.871715853964179,-5.725920382746285,-6.654445435177603,-6.508649963959709
22,lr,0.86,79,0.14,27,0.89,69,0.11,96,71.72,71.97,-0.25,18.04332563581337,8.448023437467489,9.595302198345882,-2.075005503735237,2.4928908111922716,-4.567896314927509,-1 to 1,9 to 11,71.72,18.04332563581337,-2.0750055037352375,93,0.19,80,0.24,73,0.23,66,0.22,52,0.02,36,0.05,13,0.04999999999999999,71.67000000000002,18.815979910703557,-1.5876043875942933,71.97,8.448023437467489,2.492890811192272,109,0.04,89,0.03,75,0.28,73,0.07,71,0.22,68,0.06,64,0.3,72.04,9.29507396420276,2.506740717331354,-0.25,9.595302198345882,-4.567896314927509,-0.36999999999999034,9.520905946500797,-4.094345104925647,65.31546740718726,74.44686479777575,64.7059610152961,75.49854870877503,-9.13139739058849,-9.740903782479648,-10.183081301587777,-10.792587693478936,-8.88139739058849,-9.933081301587777,-9.490903782479648,-10.542587693478936
15,lr,0.81,134,0.19,48,0.13,189,0.87,118,117.66000000000001,127.22999999999999,-9.569999999999979,33.737877823004816,23.877543843536337,9.860333979468479,-1.580419499997209,2.2003938237651752,-3.780813323762384,-11 to -9,9 to 11,117.66000000000001,33.737877823004816,-1.580419499997209,150,0.35,133,0.13,118,0.15,102,0.23,80,0.03,57,0.04,31,0.06999999999999999,117.8,34.18303672876358,-1.1304847987173687,127.22999999999999,23.877543843536337,2.2003938237651752,196,0.07,173,0.02,153,0.06,138,0.11,126,0.26,116,0.31,99,0.17,127.08999999999999,24.505140277092885,1.4839215070732696,-9.569999999999979,9.860333979468479,-3.780813323762384,-9.289999999999992,9.677896451670698,-2.6144063057906384,106.68657929013544,129.976539995708,106.06128730596427,133.31368963121426,-23.289960705572568,-23.91525268974374,-26.62711034107882,-27.25240232524999,-13.71996070557259,-17.05711034107884,-14.34525268974376,-17.68240232525001
44,lr,0.12,2,0.88,77,0.17,69,0.83,43,68.0,47.42,20.58,24.372115213907882,9.766452784916334,14.605662428991549,-2.338738328607322,1.7570350646145159,-4.095773393221838,19 to 21,14 to 16,68.0,24.372115213907882,-2.3387383286073216,96,0.2,81,0.24,72,0.1,64,0.28,48,0.07,27,0.02,5,0.08999999999999977,68.11000000000001,24.94509771478154,-1.2718383638822977,47.42,9.766452784916334,1.7570350646145156,84,0.05,67,0.02,55,0.11,49,0.3,47,0.03,45,0.28,35,0.21,47.65,10.753022830813668,1.737652456817952,20.58,14.605662428991549,-4.095773393221837,20.460000000000015,14.192074883967871,-3.0094908207002495,60.61529043912494,49.30673607205754,61.39290263474179,49.350759781098226,11.308554367067401,12.086166562684248,11.264530658026715,12.042142853643561,-9.271445632932597,-9.315469341973284,-8.49383343731575,-8.537857146356437
37,lr,0.83,91,0.17,46,0.07,108,0.93,60,83.35,63.36000000000001,19.989999999999988,16.903475973893656,12.247056789286152,4.656419184607504,-1.757035064614498,3.3706057471793778,-5.127640811793876,19 to 21,4 to 6,83.35,16.903475973893656,-1.7570350646144979,99,0.32,88,0.29,82,0.1,76,0.12,66,0.09,49,0.03,27,0.05,83.28,17.6794117549199,-1.6936507802123935,63.36000000000001,12.247056789286152,3.3706057471793778,121,0.03,95,0.02,73,0.16,66,0.11,62,0.18,60,0.22,52,0.28,63.39,13.20143552800225,2.6465322210123503,19.989999999999988,4.656419184607504,-5.127640811793876,19.89,4.477976226917651,-4.3401830012247435,76.49942389946983,67.23964287652691,77.24209888021878,67.94803276777482,9.259781022942917,10.002456003691861,8.551391131695013,9.294066112443957,-10.73021897705707,-11.438608868304975,-9.987543996308126,-10.69593388755603
12,lr,0.83,60,0.17,9,0.96,58,0.04,130,51.33,60.88,-9.550000000000004,19.157272770412806,14.109060918431107,5.0482118519817,-1.757035064614507,4.694855340334429,-6.451890404948935,-11 to -9,4 to 6,51.33,19.157272770412806,-1.7570350646145068,71,0.26,59,0.28,52,0.11,46,0.17,35,0.06,20,0.02,3,0.0999999999999999,51.32,19.777704619090652,-1.30220324592907,60.88,14.109060918431107,4.694855340334428,129,0.03,100,0.02,75,0.07,61,0.34,59,0.09,56,0.06,52,0.3899999999999999,60.809999999999995,14.70625377178022,3.3459862051614615,-9.550000000000004,5.0482118519817,-6.4518904049489345,-9.489999999999995,5.071450847310432,-4.6481894510905315,45.08624603303815,66.37096361524561,44.40771206424795,67.82641894171081,-21.284717582207463,-21.96325155099766,-22.740172908672662,-23.41870687746286,-11.734717582207459,-13.190172908672658,-12.413251550997657,-13.868706877462856
9,lr,0.87,107,0.13,3,0.17,157,0.83,104,93.48,113.00999999999999,-19.529999999999987,34.97555717926449,19.908538369252526,15.067018810011966,-2.2003938237651997,1.7570350646145012,-3.9574288883797006,-21 to -19,14 to 16,93.48,34.97555717926449,-2.200393823765199,126,0.3,107,0.29,92,0.15,75,0.06,56,0.05,34,0.09,6,0.0599999999999999,93.35,35.19783374016076,-1.1604101141704066,113.00999999999999,19.908538369252526,1.7570350646145008,178,0.04,152,0.06,134,0.03,118,0.36,111,0.12,103,0.13,91,0.26,113.11,20.537718958053738,1.3654223568929469,-19.529999999999987,15.067018810011966,-3.9574288883796997,-19.760000000000005,14.660114782107023,-2.5258324710633535,81.81634591079438,115.99498629224922,79.55298989936992,116.94577955377716,-34.17864038145484,-36.441996392879304,-35.129433642982775,-37.39278965440724,-14.648640381454854,-15.599433642982788,-16.911996392879317,-17.86278965440725
26,lr,0.87,97,0.13,38,0.84,87,0.16,100,89.33,89.08,0.25,19.84190263054428,4.765878722754073,15.076023907790205,-2.2003938237652,1.8548520670059312,-4.055245890771131,-1 to 1,14 to 16,89.33,19.84190263054428,-2.2003938237652005,109,0.26,96,0.34,89,0.14,80,0.03,69,0.15,47,0.05,19,0.02999999999999977,89.10999999999999,20.451843437695263,-1.5380910386321762,89.08,4.765878722754073,1.8548520670059314,106,0.07,94,0.15,92,0.04,90,0.06,88,0.28,86,0.14,84,0.26,89.12,5.69434807506531,1.7090582862113632,0.25,15.076023907790205,-4.055245890771132,-0.010000000000019327,14.757495362629953,-3.2471493248435395,81.40736660707387,90.07930247124341,81.42910003906562,90.84489212952161,-8.67193586416954,-8.650202432177792,-9.437525522447743,-9.415792090455994,-8.92193586416954,-9.687525522447743,-8.900202432177792,-9.665792090455994
42,lr,0.18,23,0.82,74,0.12,70,0.88,42,64.82,45.36,19.459999999999994,19.593560166544517,9.098923013192275,10.494637153352242,-1.6658534601451271,2.3387383286073278,-4.004591788752455,19 to 21,9 to 11,64.82,19.593560166544517,-1.6658534601451274,82,0.36,72,0.2,65,0.13,57,0.12,46,0.05,32,0.09,7,0.04999999999999999,64.74,20.1423037411315,-1.3755006083385084,45.36,9.098923013192275,2.3387383286073278,91,0.02,66,0.06,54,0.08,47,0.18,45,0.21,43,0.17,36,0.27999999999999997,45.4,9.9589156036187,2.2653870608057494,19.459999999999994,10.494637153352242,-4.004591788752455,19.339999999999996,10.1833881375128,-3.6408876691442575,57.349053206693675,48.20456336430944,61.19593607445344,47.826649683029736,9.144489842384232,12.991372710143999,9.52240352366394,13.369286391423707,-10.315510157615762,-9.937596476336054,-6.468627289855995,-6.090713608576287
29,lr,0.18,10,0.82,49,0.19,52,0.81,27,41.98,31.75,10.229999999999997,14.983310715592866,9.807522622966516,5.17578809262635,-1.6658534601451296,1.5804194999972037,-3.246272960142333,9 to 11,4 to 6,41.98,14.983310715592866,-1.6658534601451294,58,0.29,51,0.07,46,0.06,42,0.31,34,0.15,20,0.03,2,0.09,42.050000000000004,15.779337755431943,-1.2601316787725503,31.75,9.807522622966516,1.5804194999972032,79,0.02,54,0.04,37,0.24,33,0.09,31,0.14,28,0.39,11,0.08000000000000002,31.73,10.545951829967745,1.5829235906447638,10.229999999999997,5.17578809262635,-3.2462729601423326,10.320000000000004,5.233385925464198,-2.843055269417314,37.10079733695848,33.27970051503249,39.20865699811145,33.443847766610794,3.821096821925991,5.928956483078963,3.6569495703476846,5.7648092315006565,-6.408903178074006,-6.573050429652312,-4.301043516921034,-4.46519076849934
5,lr,0.83,108,0.17,25,0.86,106,0.14,166,93.89,114.4,-20.510000000000005,31.177522351848296,20.819221887476967,10.358300464371329,-1.7570350646145088,2.0750055037352544,-3.832040568349763,-21 to -19,9 to 11,93.89,31.177522351848296,-1.7570350646145083,126,0.25,107,0.26,93,0.22,78,0.13,59,0.02,38,0.04,14,0.08,93.74000000000001,31.548572075452164,-1.268611139087118,114.4,20.819221887476967,2.075005503735255,177,0.06,154,0.03,134,0.08,120,0.2,112,0.25,104,0.09,93,0.29,114.29,21.520824798320348,1.4472720859036419,-20.510000000000005,10.358300464371329,-3.832040568349763,-20.549999999999997,10.027747277131816,-2.71588322499076,83.72490424353103,117.33868692086021,82.62431571240353,122.49312190542757,-33.61378267732918,-34.71437120845668,-38.76821766189654,-39.86880619302404,-13.103782677329178,-18.258217661896538,-14.204371208456678,-19.358806193024037
35,lr,0.88,87,0.12,11,0.93,65,0.07,104,77.88,67.73,10.149999999999991,24.697076750093316,9.950733641294999,14.746343108798317,-2.338738328607311,3.3706057471794124,-5.709344075786723,9 to 11,14 to 16,77.88,24.697076750093316,-2.3387383286073113,105,0.21,89,0.28,80,0.16,69,0.19,52,0.07,30,0.03,5,0.059999999999999776,77.72,25.280458856595125,-1.4225204700471017,67.73,9.950733641294999,3.370605747179413,115,0.03,91,0.04,75,0.09,69,0.21,67,0.1,65,0.24,59,0.29,67.74000000000001,10.850456211606957,2.744771348680191,10.149999999999991,14.746343108798317,-5.709344075786724,9.97999999999999,14.430002644988168,-4.167291818727293,69.27139432866488,71.08999663677113,67.80762987394343,72.29958813974963,-1.8186023081062501,-3.2823667628277065,-3.0281938110847477,-4.491958265806204,-11.968602308106242,-13.17819381108474,-13.432366762827698,-14.641958265806196
2,lr,0.86,95,0.14,9,0.16,159,0.84,92,82.96000000000001,102.72,-19.75999999999999,29.840884705383655,24.5626057249633,5.278278980420353,-2.0750055037352504,1.8548520670059385,-3.9298575707411887,-21 to -19,4 to 6,82.96000000000001,29.840884705383655,-2.0750055037352504,112,0.35,95,0.19,82,0.02,68,0.3,48,0.05,26,0.04,2,0.04999999999999977,82.83,30.14068844601925,-1.0155800346194312,102.72,24.5626057249633,1.8548520670059387,173,0.06,150,0.05,132,0.02,115,0.14,104,0.21,94,0.2,80,0.32,102.86000000000001,25.041972765738723,1.4471121544820855,-19.75999999999999,5.278278980420353,-3.929857570741189,-20.030000000000015,5.098715680280527,-2.4626921891015168,73.08008814414322,106.56491617960069,71.35985860222048,107.90177482437689,-33.48482803545747,-35.2050575773802,-34.82168668023367,-36.5419162221564,-13.724828035457477,-15.061686680233677,-15.445057577380211,-16.78191622215641
19,lr,0.91,52,0.09,18,0.14,62,0.86,47,48.94,49.1,-0.1600000000000037,9.730179854452846,5.204805471869242,4.525374382583604,-2.8653118870399172,2.075005503735228,-4.940317390775146,-1 to 1,4 to 6,48.94,9.730179854452846,-2.8653118870399172,59,0.22,52,0.26,50,0.1,48,0.18,44,0.14,31,0.07,5,0.029999999999999992,48.62,10.427636357295933,-2.3197903237995168,49.1,5.204805471869242,2.075005503735228,79,0.02,55,0.2,52,0.13,50,0.19,48,0.11,46,0.06,43,0.29000000000000004,49.349999999999994,6.125969311056006,2.101345812837921,-0.1600000000000037,4.525374382583604,-4.940317390775146,-0.7299999999999969,4.301667046239927,-4.421136136637438,44.3562193524223,50.847343931571736,44.67819824973142,50.346099234856766,-6.491124579149435,-6.1691456818403125,-5.989879882434465,-5.667900985125343,-6.3311245791494315,-5.8298798824344615,-6.009145681840309,-5.507900985125339
20,ns,0.33,19,0.67,56,0.62,54,0.38,28,43.790000000000006,44.12,-0.3299999999999912,17.397870559352945,12.620047543492062,4.777823015860884,-0.7230769971004941,-0.4944513860581951,-0.228625611042299,-1 to 1,4 to 6,43.790000000000006,17.397870559352945,-0.723076997100494,63,0.34,54,0.03,46,0.28,40,0.02,33,0.11,23,0.15,2,0.06999999999999999,43.940000000000005,18.169105646673973,-0.71679499111931,44.12,12.620047543492062,-0.49445138605819505,62,0.23,54,0.05,48,0.06,44,0.26,40,0.16,32,0.18,11,0.05999999999999979,44.099999999999994,13.201893803541967,-0.4930937309506731,-0.3299999999999912,4.777823015860884,-0.22862561104229895,-0.15999999999998948,4.967211843132006,-0.2237012601686369,38.87527314168071,41.05703946366753,43.230369184516206,41.679354642936815,-2.181766321986821,2.1733297208486775,-2.804081501256107,1.5510145415793914,-1.8517663219868297,-2.4740815012561157,2.5033297208486687,1.8810145415793826
25,ns,0.53,189,0.47,20,0.39,22,0.61,165,109.57,109.22999999999999,0.3400000000000034,84.34776286304219,69.74824083803118,14.599522025011012,-0.12021658495512873,-0.4510508024576009,0.33083421750247216,-1 to 1,14 to 16,109.57,84.34776286304219,-0.12021658495512876,200,0.19,198,0.08,186,0.17,147,0.06,102,0.04,54,0.16,6,0.3,108.8,83.4880829819442,-0.1199289928763837,109.22999999999999,69.74824083803118,-0.4510508024576008,190,0.2,157,0.28,125,0.12,93,0.02,62,0.14,32,0.04,2,0.19999999999999976,109.18000000000002,69.49350761042356,-0.42534535573795407,0.3400000000000034,14.599522025011012,0.33083421750247205,-0.3800000000000239,13.99457537152064,0.30541636286157037,97.15798917389628,96.29117632288677,98.92485913688405,110.49457654407885,0.866812851009513,2.6336828139972823,-13.33658737018257,-11.569717407194801,0.5268128510095096,-13.676587370182574,2.293682813997279,-11.909717407194805
34,ns,0.44,89,0.56,41,0.54,60,0.46,43,62.120000000000005,52.18000000000001,9.939999999999998,23.826573400302443,8.472756340176437,15.353817060126007,0.2417468892076136,-0.16051447078102923,0.4022613599886429,9 to 11,14 to 16,62.120000000000005,23.826573400302443,0.2417468892076136,108,0.09,84,0.25,74,0.05,65,0.12,56,0.06,47,0.21,30,0.22,62.05,24.380473744371745,0.2409649505931182,52.18000000000001,8.472756340176437,-0.16051447078102926,66,0.2,59,0.03,54,0.34,52,0.09,50,0.05,46,0.11,37,0.18,52.230000000000004,9.307905242319563,-0.1607641017597951,9.939999999999998,15.353817060126007,0.4022613599886429,9.819999999999993,15.072568502052182,0.40172905235291334,60.893850292487045,50.888161579483125,60.743396281245396,51.047339569187216,10.00568871300392,9.85523470176227,9.84651072329983,9.69605671205818,0.06568871300392232,-0.09348927670016849,-0.08476529823772694,-0.24394328794181774
28,ns,0.3,43,0.7,75,0.63,63,0.37,43,65.4,55.599999999999994,9.800000000000011,14.66424222385869,9.656086163658648,5.008156060200042,-0.8728715609439763,-0.5385204638676989,-0.3343510970762774,9 to 11,4 to 6,65.4,14.66424222385869,-0.8728715609439763,87,0.18,74,0.15,68,0.2,64,0.13,58,0.23,44,0.04,25,0.07,65.53,15.550855281945106,-0.8729149813696124,55.599999999999994,9.656086163658648,-0.5385204638676989,69,0.25,63,0.03,58,0.19,56,0.09,53,0.12,49,0.22,33,0.1,55.64,10.445592371905004,-0.5408807585391375,9.800000000000011,5.008156060200042,-0.3343510970762774,9.89,5.105262910040102,-0.3320342228304749,61.60135517290609,53.290839107447475,64.53621011590523,53.66010651667335,8.310516065458614,11.24537100845776,7.941248656232737,10.876103599231882,-1.489483934541397,-1.858751343767274,1.445371008457748,1.076103599231871
23,ns,0.42,158,0.58,22,0.68,40,0.32,162,79.12,79.04,0.0799999999999983,67.12395697513668,56.91009049369014,10.213866481446537,0.3241763593892432,0.7717436331412899,-0.4475672737520467,-1 to 1,9 to 11,79.12,67.12395697513668,0.32417635938924316,181,0.19,143,0.1,105,0.18,71,0.05,38,0.14,13,0.21,2,0.13,79.45000000000002,66.57257318145365,0.324109658966513,79.04,56.91009049369014,0.7717436331412899,197,0.1,164,0.07,131,0.03,98,0.19,66,0.26,34,0.24,2,0.11,79.27,56.83235962020229,0.7492615093255324,0.0799999999999983,10.213866481446537,-0.44756727375204675,0.18000000000002103,9.740213561251359,-0.42515185035901937,75.74874058148639,79.12422971966281,76.29341413587724,92.63083806129943,-3.3754891381764196,-2.830815583785565,-16.88209747981304,-16.337423925422186,-3.455489138176418,-16.96209747981304,-2.9108155837855634,-16.417423925422185
16,ns,0.44,18,0.56,151,0.65,141,0.35,33,92.48,103.2,-10.719999999999999,66.01946379667136,51.51271687651506,14.506746920156303,-0.2417468892076141,-0.6289709020331513,0.3872240128255372,-11 to -9,14 to 16,92.48,66.01946379667136,-0.24174688920761417,166,0.33,119,0.23,77,0.06,40,0.12,18,0.05,4,0.07,2,0.13999999999999999,93.03000000000002,65.28054151123442,-0.2229288613795993,103.2,51.51271687651506,-0.6289709020331513,155,0.33,130,0.2,107,0.05,84,0.15,60,0.08,35,0.07,7,0.11999999999999977,103.19,51.677402217990775,-0.6285881986168821,-10.719999999999999,14.506746920156303,0.38722401282553714,-10.159999999999982,13.603139293243643,0.40565933723728276,82.27943918948102,90.22107068064376,96.29433947071588,92.07459702165997,-7.941631491162738,6.07326879007212,-9.795157832178944,4.219742449055914,2.7783685088372607,0.9248421678210548,16.79326879007212,14.939742449055913
14,ns,0.45,182,0.55,39,0.4,188,0.6,63,103.35000000000001,113.0,-9.649999999999991,71.14160175312333,61.237243569579455,9.90435818354387,0.20100756305184211,0.408248290463863,-0.2072407274120209,-11 to -9,9 to 11,103.35000000000001,71.14160175312333,0.20100756305184217,200,0.24,173,0.08,138,0.06,98,0.17,56,0.23,23,0.14,2,0.07999999999999999,103.03999999999999,70.34243669364888,0.20242469588664153,113.0,61.237243569579455,0.40824829046386296,200,0.04,198,0.14,188,0.11,163,0.07,129,0.03,94,0.22,52,0.39,112.64000000000001,60.38352755512053,0.37018484597371837,-9.649999999999991,9.90435818354387,-0.2072407274120208,-9.600000000000023,9.958909138528348,-0.16776015008707684,95.00836702468459,110.29878868093023,98.688198075083,111.39588381826084,-15.290421656245641,-11.610590605847236,-16.387516793576253,-12.707685743177848,-5.64042165624565,-6.737516793576262,-1.9605906058472442,-3.0576857431778564
40,ns,0.62,180,0.38,23,0.56,159,0.44,26,120.33999999999999,100.48,19.859999999999985,76.20567170493283,66.01946379667136,10.186207908261466,-0.4944513860581968,-0.2417468892076141,-0.25270449685058266,19 to 21,9 to 11,120.33999999999999,76.20567170493283,-0.4944513860581969,200,0.04,198,0.19,180,0.24,141,0.08,97,0.17,50,0.05,4,0.23,120.01,75.76971624600425,-0.4946484330296495,100.48,66.01946379667136,-0.24174688920761417,200,0.03,175,0.19,146,0.27,113,0.04,80,0.16,46,0.02,12,0.29,100.39,65.68681678997697,-0.24902604186526,19.859999999999985,10.186207908261466,-0.2527044968505827,19.620000000000005,10.082899456027278,-0.2456223911643895,104.80115307304843,92.7113669617963,105.6022568823492,90.669052354392,12.089786111252124,12.890889920552894,14.132100718656432,14.933204527957201,-7.770213888747861,-5.727899281343554,-6.969110079447091,-4.926795472042784
11,ns,0.36,84,0.64,12,0.54,20,0.46,80,37.92,47.60000000000001,-9.680000000000007,34.56,29.90384590650507,4.6561540934949335,0.5833333333333334,0.16051447078102493,0.42281886255230844,-11 to -9,4 to 6,37.92,34.56,0.5833333333333334,96,0.18,68,0.15,45,0.09,25,0.16,11,0.17,4,0.14,2,0.11000000000000001,38.18,34.64487840936955,0.5824605444790707,47.60000000000001,29.90384590650507,0.16051447078102493,92,0.2,66,0.26,48,0.04,31,0.22,19,0.11,9,0.14,2,0.03000000000000001,47.71,30.06436262421008,0.16011972307275743,-9.680000000000007,4.6561540934949335,0.42281886255230844,-9.530000000000001,4.5805157851594664,0.42234082140631324,37.820254282214016,44.43297204757083,38.146911137010065,51.597625049927444,-6.6127177653568125,-6.286060910560764,-13.777370767713428,-13.45071391291738,3.0672822346431943,-4.0973707677134215,3.393939089439243,-3.7707139129173726
8,ns,0.58,24,0.42,82,0.57,57,0.43,84,48.36,68.60999999999999,-20.249999999999986,28.626393415867113,13.367045298045488,15.259348117821625,0.3241763593892434,0.2827850071363696,0.04139135225287377,-21 to -19,14 to 16,48.36,28.626393415867113,0.32417635938924344,117,0.04,86,0.15,62,0.27,45,0.18,30,0.07,16,0.24,2,0.05,48.46,28.906891911791554,0.323520359572422,68.60999999999999,13.367045298045488,0.2827850071363696,104,0.05,79,0.33,74,0.06,69,0.12,65,0.16,58,0.03,49,0.25,68.38,14.197027857970836,0.2817453886284846,-20.249999999999986,15.259348117821625,0.041391352252873825,-19.919999999999995,14.709864053820718,0.041774970943937395,47.71831508262967,68.29748296082047,53.04083430705633,70.69607517613062,-20.579167878190802,-15.256648653764145,-22.977760093500947,-17.65524086907429,-0.32916787819081605,-2.7277600935009616,4.9933513462358405,2.594759130925695
6,ns,0.6,65,0.4,13,0.57,78,0.43,47,44.2,64.66999999999999,-20.469999999999985,25.474693324945054,15.347348305163338,10.127345019781716,-0.40824829046386385,-0.2827850071363673,-0.12546328332749657,-21 to -19,9 to 11,44.2,25.474693324945054,-0.40824829046386385,74,0.28,59,0.21,50,0.02,42,0.07,33,0.16,20,0.08,2,0.18,44.29,26.136677294560606,-0.390741759742344,64.66999999999999,15.347348305163338,-0.28278500713636723,92,0.13,75,0.24,68,0.12,64,0.06,60,0.22,50,0.14,31,0.09,64.95000000000002,16.153869505477626,-0.28378629836676594,-20.469999999999985,10.127345019781716,-0.12546328332749662,-20.660000000000018,9.98280778908298,-0.10695546137557804,39.14159909386713,62.241233566466924,39.65444180409587,62.274876649627814,-23.099634472599796,-22.586791762371057,-23.133277555760685,-22.620434845531946,-2.629634472599811,-2.6632775557607005,-2.116791762371072,-2.1504348455319615
43,ns,0.41,19,0.59,124,0.37,13,0.63,89,80.94999999999999,60.88,20.069999999999986,51.64249703490333,36.693127421902865,14.949369613000464,-0.365977655713009,-0.5385204638677069,0.1725428081546979,19 to 21,14 to 16,80.94999999999999,51.64249703490333,-0.365977655713009,156,0.09,125,0.29,98,0.22,74,0.04,50,0.07,26,0.1,2,0.19,81.28999999999998,51.85273281129935,-0.3658113463352648,60.88,36.693127421902865,-0.5385204638677069,99,0.29,79,0.26,65,0.1,51,0.02,37,0.05,21,0.06,3,0.22,60.54,37.03064136630636,-0.5543201108656448,20.069999999999986,14.949369613000464,0.1725428081546979,20.74999999999998,14.822091444992985,0.18850876453038,73.47540946358578,52.898823924029536,82.71546641441174,60.9444646462737,20.57658553955624,29.8166424903822,12.530944817312076,21.771001768138035,0.5065855395562551,-7.53905518268791,9.746642490382214,1.701001768138049
3,ns,0.62,78,0.38,14,0.34,38,0.66,92,53.68,73.64000000000001,-19.960000000000015,31.064732414749688,25.580273649826346,5.4844587649233425,-0.49445138605819733,-0.6755205294732025,0.18106914341500518,-21 to -19,4 to 6,53.68,31.064732414749688,-0.4944513860581973,89,0.32,70,0.09,54,0.29,41,0.02,29,0.04,16,0.08,2,0.16,54.019999999999996,31.48935693214455,-0.4332163217103384,73.64000000000001,25.580273649826346,-0.6755205294732025,106,0.2,87,0.27,76,0.17,66,0.12,54,0.04,41,0.09,21,0.11,73.69,26.109268469262023,-0.6860165156577709,-19.960000000000015,5.4844587649233425,0.18106914341500524,-19.67,5.380088462882526,0.25280019394743247,47.568612546172275,67.56432185175414,47.67225758261369,73.03837149693678,-19.99570930558187,-19.892064269140455,-25.4697589507645,-25.366113914323087,-0.03570930558185381,-5.5097589507644855,0.06793573085955984,-5.406113914323072
39,ns,0.62,47,0.38,155,0.44,121,0.56,26,88.03999999999999,67.80000000000001,20.23999999999998,52.4217359498901,47.156759854765255,5.264976095124844,0.49445138605819766,0.24174688920761359,0.25270449685058405,19 to 21,4 to 6,88.03999999999999,52.4217359498901,0.49445138605819766,188,0.08,156,0.15,124,0.11,93,0.12,62,0.27,32,0.25,2,0.02000000000000001,88.02,52.47475202418779,0.4898188199408908,67.80000000000001,47.156759854765255,0.24174688920761356,143,0.15,110,0.2,81,0.11,53,0.16,31,0.17,14,0.13,2,0.07999999999999999,68.08999999999999,47.025757835467154,0.24157620545307276,20.23999999999998,5.264976095124844,0.2527044968505841,19.930000000000007,5.448994188720633,0.24824261448781806,86.13725280897877,64.13718728331011,98.1780653293394,65.07547180663151,22.00006552566866,34.04087804602929,21.06178100234726,33.10259352270789,1.7600655256686792,0.8217810023472794,13.800878046029311,12.862593522707911
33,ns,0.37,119,0.63,16,0.45,87,0.55,8,54.11,43.55,10.560000000000002,49.72884374284204,39.30200376571149,10.426839977130548,0.5385204638677069,0.20100756305184256,0.3375129008158644,9 to 11,9 to 11,54.11,49.72884374284204,0.5385204638677069,152,0.09,117,0.11,82,0.21,52,0.13,28,0.08,9,0.15,2,0.22999999999999998,54.58,49.452235540974286,0.5387223464854924,43.55,39.30200376571149,0.20100756305184259,118,0.05,86,0.28,59,0.19,40,0.02,22,0.03,6,0.16,2,0.27,44.15,39.14853126236028,0.19755908492771393,10.560000000000002,10.426839977130548,0.3375129008158643,10.43,10.303704278614006,0.34116326155777854,55.31250304762409,43.540406364559615,54.02263343991852,40.974598936584314,11.772096683064476,10.482227075358907,14.337904111039776,13.048034503334208,1.2120966830644733,3.777904111039774,-0.07777292464109564,2.4880345033342053
38,rl,0.83,115,0.17,197,0.07,17,0.93,116,128.94,109.07000000000001,19.86999999999999,30.801889552428435,25.259554627902688,5.542334924525747,1.7570350646145119,-3.370605747179389,5.127640811793901,19 to 21,4 to 6,128.94,30.801889552428435,1.7570350646145116,190,0.14,169,0.04,151,0.09,137,0.11,126,0.08,114,0.22,99,0.32,128.86,31.204813731217815,0.8680584852710184,109.07000000000001,25.259554627902688,-3.370605747179389,136,0.2,121,0.22,111,0.33,98,0.12,79,0.05,56,0.02,29,0.06,109.02000000000002,26.048024877137998,-1.7499895142392246,19.86999999999999,5.542334924525747,5.127640811793901,19.83999999999999,5.156788854079817,2.618047999510243,130.2625174340275,99.76630100299523,140.06995315160134,99.60718241646445,30.496216431032266,40.303652148606105,30.655335017563047,40.462770735136885,10.626216431032276,10.785335017563057,20.433652148606114,20.592770735136895
41,rl,0.18,170,0.82,94,0.12,38,0.88,95,107.67999999999999,88.16,19.519999999999996,29.19824652269379,18.522807562569987,10.675438960123802,1.6658534601451276,-2.3387383286073216,4.00459178875245,19 to 21,9 to 11,107.67999999999999,29.19824652269379,1.6658534601451276,184,0.08,161,0.03,141,0.02,122,0.16,107,0.21,94,0.32,73,0.18,107.58,29.711001329473902,1.268100130779311,88.16,18.522807562569987,-2.3387383286073224,120,0.09,102,0.14,92,0.26,85,0.4,68,0.05,45,0.02,20,0.04,88.10000000000001,19.216919628285904,-1.5978161424117447,19.519999999999996,10.675438960123802,4.00459178875245,19.47999999999999,10.494081701187998,2.865916273191056,110.14192249319413,82.78595514227528,113.0805658498341,83.13860600240376,27.355967350918846,30.294610707558817,27.003316490790368,29.94195984743034,7.83596735091885,7.483316490790372,10.774610707558821,10.421959847430344
36,rl,0.88,93,0.12,192,0.93,100,0.07,31,104.88,95.17,9.709999999999994,32.1711920823584,17.605144134598845,14.566047947759557,2.3387383286073224,-3.370605747179368,5.7093440757866905,9 to 11,14 to 16,104.88,32.1711920823584,2.3387383286073224,200,0.03,179,0.04,157,0.05,136,0.08,116,0.14,97,0.32,75,0.34,104.67,32.329260740078794,1.2791134009700011,95.17,17.605144134598845,-3.3706057471793684,109,0.32,100,0.31,95,0.11,88,0.15,72,0.02,54,0.06,26,0.03,94.99,18.223333943052243,-2.2073697228049802,9.709999999999994,14.566047947759557,5.7093440757866905,9.680000000000007,14.105926797026552,3.486483123774981,109.67518911660162,87.04946614038333,118.00058740104738,87.08534406044296,22.625722976218285,30.951121260664053,22.58984505615865,30.91524334060442,12.91572297621829,12.879845056158658,21.24112126066406,21.205243340604426
1,rl,0.86,72,0.14,199,0.16,19,0.84,128,89.78,110.56,-20.78,44.06735299515958,39.960060060014925,4.107292935144656,2.0750055037352446,-1.8548520670059365,3.929857570741181,-21 to -19,4 to 6,89.78,44.06735299515958,2.0750055037352446,200,0.05,179,0.06,154,0.03,128,0.02,101,0.29,71,0.35,39,0.2,89.86,43.74517573401666,1.0759293226218685,110.56,39.960060060014925,-1.8548520670059365,148,0.34,127,0.18,108,0.22,86,0.09,63,0.04,38,0.08,8,0.04999999999999999,110.64000000000001,40.23146032646591,-1.1039464289864067,-20.78,4.107292935144656,3.929857570741181,-20.780000000000015,3.5137154075507553,2.179875751608275,93.08968008373861,97.37370897543384,106.91044136648836,102.12994842004356,-4.284028891695229,9.536732391054514,-9.040268336304948,4.780492946444795,16.495971108304772,11.739731663695053,30.316732391054515,25.560492946444796
30,rl,0.18,167,0.82,99,0.19,59,0.81,111,111.24,101.12,10.11999999999999,26.12474688872602,20.39964705577035,5.725099832955667,1.6658534601451274,-1.5804194999972154,3.246272960142343,9 to 11,4 to 6,111.24,26.12474688872602,1.665853460145127,185,0.06,160,0.03,138,0.11,123,0.1,112,0.2,101,0.14,87,0.36,111.24000000000001,26.770924526433525,1.2794774531373339,101.12,20.39964705577035,-1.5804194999972156,121,0.31,108,0.27,100,0.1,92,0.19,77,0.02,61,0.07,36,0.039999999999999786,101.4,21.096919206367527,-1.4741118271289928,10.11999999999999,5.725099832955667,3.246272960142343,9.840000000000003,5.674005320065998,2.7535892802663264,114.98485573112839,93.6512306533625,116.07208523406209,97.59679664544956,21.333625077765888,22.420854580699583,17.388059085678833,18.47528858861253,11.213625077765897,7.268059085678843,12.300854580699593,8.355288588612538
27,rl,0.87,75,0.13,149,0.84,89,0.16,61,84.62,84.52,0.10000000000000853,24.886454146784352,10.26496955670108,14.621484590083272,2.200393823765197,-1.854852067005934,4.055245890771131,-1 to 1,14 to 16,84.62,24.886454146784352,2.200393823765197,151,0.07,126,0.06,107,0.04,90,0.22,80,0.25,70,0.2,53,0.16,84.69000000000001,25.40932702768808,1.1804080609349874,84.52,10.26496955670108,-1.8548520670059345,97,0.22,89,0.17,85,0.24,83,0.15,78,0.13,65,0.06,41,0.03,84.59,11.103238266379769,-1.854552776368644,0.10000000000000853,14.621484590083272,4.055245890771132,0.10000000000000853,14.30608876130831,3.0349608373036316,86.57324784135436,80.47061828289691,94.52960334083295,80.71869387487655,6.102629558457451,14.058985057936042,5.854553966477809,13.8109094659564,6.002629558457443,5.7545539664778005,13.958985057936033,13.71090946595639
24,rl,0.86,52,0.14,116,0.89,66,0.11,28,60.96,61.82,-0.8599999999999994,22.207170013308765,11.889810763843132,10.317359249465634,2.0750055037352415,-2.492890811192312,4.5678963149275535,-1 to 1,9 to 11,60.96,22.207170013308765,2.075005503735242,132,0.05,108,0.04,89,0.02,72,0.17,61,0.22,52,0.26,38,0.24,60.99999999999999,22.90589443789524,1.6311972235324013,61.82,11.889810763843132,-2.492890811192312,74,0.28,67,0.11,63,0.17,60,0.18,54,0.21,33,0.02,9,0.03,61.87,12.588609931203683,-2.257434851996494,-0.8599999999999994,10.317359249465634,4.5678963149275535,-0.8700000000000045,10.317284506691555,3.8886320755288954,64.70500079868825,56.84275981270356,69.59266336578942,56.85389440987217,7.862240985984684,12.749903553085858,7.851106388816078,12.738768955917251,8.722240985984683,8.711106388816077,13.609903553085857,13.59876895591725
21,rl,0.91,97,0.09,134,0.14,87,0.86,103,100.33,100.76,-0.4300000000000068,10.588725135728097,5.551792503327191,5.036932632400906,2.8653118870398986,-2.075005503735339,4.940317390775238,-1 to 1,4 to 6,100.33,10.588725135728097,2.865311887039898,152,0.02,125,0.07,111,0.04,102,0.2,99,0.23,97,0.19,90,0.25,100.33000000000001,11.414950722626884,2.4044658699940897,100.76,5.551792503327191,-2.075005503735339,107,0.28,104,0.09,102,0.18,100,0.12,98,0.11,95,0.19,74,0.029999999999999992,100.73,6.388826183267158,-2.064813950976745,-0.4300000000000068,5.036932632400906,4.940317390775237,-0.3999999999999915,5.026124539359726,4.469279820970835,103.67879074246575,98.277075912623,104.96784308117464,99.43082748281947,5.401714829842746,6.690767168551631,4.2479632596462835,5.537015598355168,5.831714829842753,4.67796325964629,7.120767168551637,5.967015598355175
18,rl,0.82,89,0.18,195,0.12,46,0.88,127,108.07999999999998,117.28,-9.200000000000017,40.72387015007292,26.32188443102051,14.401985719052409,1.6658534601451294,-2.3387383286073233,4.004591788752453,-11 to -9,14 to 16,108.07999999999998,40.72387015007292,1.6658534601451298,196,0.13,171,0.02,148,0.03,125,0.08,104,0.3,84,0.31,57,0.12999999999999978,107.98999999999997,40.97206243283342,1.0818000516127841,117.28,26.32188443102051,-2.3387383286073233,158,0.09,135,0.27,122,0.18,109,0.36,86,0.03,60,0.02,33,0.0499999999999999,117.3,26.698876380851672,-1.4322718407325743,-9.200000000000017,14.401985719052409,4.004591788752453,-9.31000000000003,14.273186051981746,2.5140718923453584,109.41417462000764,109.80101155186476,122.43516899254814,110.14433484552113,-0.3868369318571183,12.634157440683381,-0.7301602255134867,12.290834147027013,8.813163068142899,8.46983977448653,21.8341574406834,21.49083414702703
13,rl,0.81,66,0.19,108,0.13,68,0.87,87,73.98,84.53,-10.549999999999997,16.476638006583745,6.3897652539040894,10.086872752679655,1.5804194999972054,-2.2003938237652747,3.78081332376248,-11 to -9,9 to 11,73.98,16.476638006583745,1.580419499997205,129,0.04,105,0.07,90,0.06,80,0.12,74,0.26,68,0.09,59,0.36,74.11,17.093212103054242,1.5380039850126512,84.53,6.3897652539040894,-2.2003938237652747,92,0.23,88,0.22,86,0.13,84,0.07,82,0.17,77,0.15,54,0.029999999999999777,84.68999999999998,7.301636802799752,-2.1594251312583155,-10.549999999999997,10.086872752679655,3.7808133237624797,-10.579999999999984,9.79157530025449,3.6974291162709667,77.30488460958135,81.82116069239214,79.64448759476164,82.90197038037928,-4.516276082810791,-2.1766730976304984,-5.597085770797932,-3.25748278561764,6.0337239171892065,4.952914229202065,8.373326902369499,7.292517214382357
10,rl,0.83,130,0.17,187,0.96,153,0.04,70,139.69,149.68,-9.990000000000009,21.41106956693196,16.264611892080303,5.146457674851657,1.7570350646145074,-4.694855340334533,6.45189040494904,-11 to -9,4 to 6,139.69,21.41106956693196,1.7570350646145076,200,0.07,178,0.02,158,0.14,147,0.08,139,0.22,131,0.16,119,0.31,139.87,21.90965768787819,1.3559299943964083,149.68,16.264611892080303,-4.6948553403345334,161,0.34,155,0.16,153,0.14,149,0.22,137,0.06,116,0.02,91,0.06000000000000001,149.74,16.990361973777958,-2.5566272034704323,-9.990000000000009,5.146457674851657,6.451890404949041,-9.870000000000005,4.919295714100233,3.9125571978668408,142.75043355543977,142.3378368200767,147.42667475172289,141.67232260886115,0.4125967353630813,5.0888379316461965,1.0781109465786187,5.754352142861734,10.40259673536309,11.068110946578628,15.078837931646206,15.744352142861743
7,rl,0.87,48,0.13,115,0.17,58,0.83,80,56.71,76.25999999999999,-19.54999999999999,22.53233010587232,8.263921587236897,14.268408518635422,2.2003938237651948,-1.757035064614458,3.9574288883796527,-21 to -19,14 to 16,56.71,22.53233010587232,2.200393823765195,134,0.04,108,0.03,85,0.05,67,0.21,57,0.17,48,0.19,35,0.31,56.580000000000005,23.25174402061058,1.6538461143777372,76.25999999999999,8.263921587236897,-1.7570350646144584,85,0.28,78,0.27,76,0.15,74,0.09,71,0.11,62,0.04,47,0.0599999999999999,76.03,9.228710635836402,-1.7671164325282225,-19.54999999999999,14.268408518635422,3.9574288883796536,-19.449999999999996,14.023033384774179,3.42096254690596,60.98755087751495,72.67122136438859,65.6822084302136,74.62628018522457,-11.683670486873638,-6.98901293417498,-13.638729307709625,-8.944071755010967,7.866329513126352,5.9112706922903655,12.56098706582501,10.605928244989023
4,rl,0.83,59,0.17,138,0.86,101,0.14,42,72.43,92.74,-20.309999999999988,29.674991154168858,20.472234856019018,9.20275629814984,1.7570350646145099,-2.075005503735246,3.832040568349756,-21 to -19,9 to 11,72.43,29.674991154168858,1.7570350646145096,163,0.03,134,0.08,112,0.02,91,0.11,73,0.28,58,0.3,37,0.18,72.35999999999999,30.118273522896363,1.2513530151178958,92.74,20.472234856019018,-2.0750055037352455,112,0.31,100,0.22,93,0.08,86,0.27,70,0.02,52,0.05,28,0.04999999999999999,92.78,21.01788761983468,-1.6177105105800031,-20.309999999999988,9.20275629814984,3.832040568349755,-20.420000000000016,9.100385903061682,2.869063525697899,75.91256084589605,85.03355280872597,83.15275974361592,84.7817634596629,-9.120991962829919,-1.8807930651100548,-8.869202613766845,-1.6290037160469808,11.189008037170069,11.440797386233143,18.429206934889933,18.680996283953007
31,rl,0.81,108,0.19,193,0.17,63,0.83,125,124.15,114.46000000000001,9.689999999999998,33.34557691808615,23.289233564031257,10.056343354054896,1.5804194999972032,-1.7570350646145179,3.337454564611721,9 to 11,9 to 11,124.15,33.34557691808615,1.5804194999972025,199,0.07,172,0.15,154,0.02,138,0.1,124,0.03,111,0.3,93,0.33,124.32,33.83308439974103,0.9126580407154429,114.46000000000001,23.289233564031257,-1.7570350646145176,139,0.25,124,0.26,115,0.23,105,0.02,95,0.11,77,0.05,55,0.08,114.24000000000001,23.88895979317643,-1.1718957465291784,9.689999999999998,10.056343354054896,3.33745456461172,10.079999999999984,9.944124606564603,2.084553787244621,126.92078110863211,106.80388515581912,135.6138439417795,109.85588052199653,20.116895952812996,28.809958785960376,17.064900586635588,25.757963419782968,10.426895952812998,7.37490058663559,19.119958785960378,16.06796341978297
45,rl,0.12,163,0.88,58,0.17,7,0.83,59,70.6,50.16,20.439999999999998,34.12096129947103,19.532905569832668,14.58805572963836,2.338738328607317,-1.7570350646145032,4.095773393221821,19 to 21,14 to 16,70.6,34.12096129947103,2.3387383286073176,178,0.04,147,0.02,118,0.05,91,0.21,72,0.23,55,0.15,36,0.3,70.68,34.26306466152729,1.3003070690756768,50.16,19.532905569832668,-1.7570350646145032,71,0.27,58,0.3,51,0.02,45,0.2,34,0.08,20,0.04,2,0.09,50.29,20.17537855902585,-1.1063914681045062,20.439999999999998,14.58805572963836,4.095773393221821,20.390000000000008,14.087686102501436,2.406698537180183,75.73296513672757,44.15232920060885,79.84993631136152,46.29848043780354,31.580635936118725,35.69760711075267,29.43448469892403,33.55145587355798,11.140635936118727,8.994484698924033,15.257607110752673,13.11145587355798
