Unnamed: 0,P_A1,O_A1,P_A2,O_A2,P_B1,O_B1,P_B2,O_B2,EVA,EVB,EVD,SDA,SDB,SDD,skewness_a,skewness_b,skewness_diff,evd_bins,sdd_bins,skew,original_EVA,original_SDA,original_skewness_A,new_OA1,new_PA1,new_OA2,new_PA2,new_OA3,new_PA3,new_OA4,new_PA4,new_OA5,new_PA5,new_OA6,new_PA6,new_OA7,new_PA7,new_EVA,new_SDA,new_skewness_A,original_EVB,original_SDB,original_skewness_B,new_OB1,new_PB1,new_OB2,new_PB2,new_OB3,new_PB3,new_OB4,new_PB4,new_OB5,new_PB5,new_OB6,new_PB6,new_OB7,new_PB7,new_EVB,new_SDB,new_skewness_B,original_EVD,original_SDD,original_skewness_D,new_EVD,new_SDD,new_skewness_D,EUA,EUB,EUA_simple,EUB_simple,EUD_CC,EUD_SC,EUD_CS,EUD_SS,after_diff_CC,after_diff_CS,after_diff_SC,after_diff_SS,Skewness_cs_diff_a,Skewness_cs_diff_b
75,0.05,135,0.95,35,0.91,42,0.09,17,40.0,39.75,0.25,21.7944947177034,7.15454401062709,14.6399507070763,4.12948320967011,-2.86531188703991,6.99479509671002,-1 to 1,14 to 16,rl,40.0,21.79449471770337,4.129483209670111,121,0.02,88,0.09,66,0.04,48,0.11,37,0.3,30,0.16,21,0.2799999999999999,40.03999999999999,22.19095311157229,1.756434285790793,39.75,7.1545440106270926,-2.8653118870399097,46,0.32,43,0.06,41,0.12,39,0.21,37,0.22,25,0.03,7,0.04,39.58,8.031413325187541,-2.688268969380268,0.25,14.639950707076277,6.994795096710021,0.45999999999999375,14.15953978638475,4.444703255171061,45.091155594592394,36.143506460545886,49.49260717287814,36.61632224244957,8.947649134046507,13.349100712332252,8.474833352142824,12.876284930428568,8.697649134046507,8.224833352142824,13.099100712332252,12.626284930428568,2.3730489238793178,-0.17704291765964175
102,0.11,140,0.89,92,0.95,99,0.05,56,97.28,96.85,0.430000000000007,15.0187083332755,9.37163272861245,5.64707560466309,2.49289081119233,-4.12948320967015,6.62237402086248,-1 to 1,4 to 6,rl,97.28,15.018708333275535,2.4928908111923276,155,0.04,133,0.03,116,0.02,101,0.3,96,0.19,91,0.29,76,0.12999999999999978,97.31999999999998,15.91595425979856,1.9471648416511012,96.85,9.371632728612449,-4.129483209670152,104,0.29,102,0.08,100,0.11,98,0.19,96,0.23,82,0.06,55,0.04,97.14,10.082678215632988,-3.0207732893029564,0.4300000000000068,5.647075604663087,6.6223740208624795,0.1799999999999784,5.833276044165572,4.967938130954058,99.94275248702716,92.49291767938676,101.61282392080463,92.33998400803719,7.4498348076404,9.119906241417866,7.602768478989972,9.272839912767438,7.019834807640393,7.1727684789899655,8.689906241417859,8.842839912767431,0.5457259695412264,-1.1087099203671955
39,0.05,119,0.95,37,0.97,43,0.03,2,41.1,41.77,-0.670000000000002,17.8714856685168,6.99407606478511,10.8774096037317,4.12948320967012,-5.51037758854922,9.63986079821933,-1 to 1,9 to 11,rl,41.1,17.871485668516765,4.1294832096701155,118,0.03,83,0.02,51,0.25,40,0.28,35,0.21,28,0.13,13,0.08000000000000002,41.18,18.18371799165396,2.189105602574485,41.77,6.994076064785112,-5.510377588549219,48,0.17,46,0.04,44,0.18,42,0.24,40,0.12,38,0.23,2,0.02,41.58,6.592692924746306,-4.188290273372894,-0.6700000000000017,10.877409603731653,9.639860798219335,-0.3999999999999986,11.591025066907655,6.3773958759473794,44.4933695429457,38.801834411764574,48.883937881760076,38.2514611960378,5.691535131181126,10.082103469995502,6.241908346907898,10.632476685722274,6.361535131181128,6.9119083469079,10.752103469995504,11.302476685722276,1.9403776070956305,-1.3220873151763248
84,0.06,183,0.94,104,0.95,119,0.05,98,108.74,117.95,-9.21000000000001,18.7614604975199,4.57684389071771,14.1846166068022,3.70546845269267,-4.12948320967059,7.83495166236326,-11 to -9,14 to 16,rl,108.74,18.76146049751991,3.7054684526926693,178,0.03,147,0.09,130,0.02,115,0.11,107,0.23,102,0.24,93,0.28,108.95,19.233499421582124,1.943384196159214,117.95,4.576843890717708,-4.129483209670588,125,0.1,123,0.04,121,0.18,119,0.29,117,0.15,115,0.22,86,0.02,118.28,5.508320978301827,-3.8443367844837804,-9.210000000000008,14.184616606802201,7.834951662363258,-9.329999999999998,13.725178443280296,5.787720980642995,113.53242063368661,116.14924550706117,116.29671898464395,115.74743405043677,-2.6168248733745543,0.1474734775827784,-2.2150134167501534,0.5492849342071793,6.5931751266254555,6.994986583249856,9.357473477582788,9.759284934207189,1.7620842565334554,-0.28514642518680766
43,0.08,193,0.92,147,0.9,164,0.1,139,150.68,161.5,-10.82,12.4794871689505,7.5,4.97948716895049,3.09628107925272,-2.66666666666667,5.76294774591939,-11 to -9,4 to 6,rl,150.68,12.479487168950493,3.096281079252718,198,0.05,175,0.03,157,0.13,150,0.26,148,0.19,145,0.2,135,0.14,150.58,13.313286596479474,2.218643244013722,161.5,7.5,-2.6666666666666665,170,0.24,163,0.23,161,0.31,159,0.1,154,0.06,143,0.03,124,0.03000000000000001,161.35,8.623659316090821,-2.521765717380991,-10.819999999999993,4.979487168950493,5.7629477459193845,-10.769999999999982,4.6896272803886525,4.740408961394713,153.1502843749639,157.83410296057895,155.04540403728987,158.29204227531466,-4.683818585615057,-2.7886989232890755,-5.141757900350768,-3.2466382380247865,6.136181414384943,5.678242099649232,8.031301076710925,7.573361761975214,0.8776378352389962,-0.14490094928567565
3,0.08,147,0.92,86,0.94,102,0.06,71,90.88,100.14,-9.25999999999999,16.5488851588257,7.36209209396351,9.18679306486215,3.09628107925285,-3.70546845269271,6.80174953194557,-11 to -9,9 to 11,rl,90.88000000000001,16.548885158825655,3.0962810792528517,162,0.02,131,0.05,106,0.13,93,0.2,88,0.24,83,0.1,74,0.26,90.83000000000001,17.16219974245726,1.9018361743139658,100.14,7.362092093963509,-3.7054684526927137,107,0.23,104,0.25,102,0.16,100,0.03,98,0.12,92,0.19,58,0.02,100.33000000000001,7.9825497179785865,-3.0412444648003225,-9.259999999999991,9.186793064862147,6.801749531945566,-9.5,9.179650024478676,4.943080639114289,94.95634396222478,96.7477944005564,96.66890535379746,96.67867723826038,-1.7914504383316228,-0.07888904675894537,-1.7223332760355987,-0.00977188446292132,7.468549561668366,7.53766672396439,9.181110953241044,9.250228115537068,1.1944449049388859,-0.6642239878923912
37,0.05,177,0.95,78,0.87,105,0.13,85,82.95,102.4,-19.45,21.5765497705263,6.7260686883201,14.8504810822062,4.12948320967009,-2.20039382376507,6.32987703343517,-21 to -19,14 to 16,rl,82.94999999999999,21.576549770526334,4.129483209670093,163,0.04,129,0.02,98,0.23,85,0.15,79,0.07,73,0.24,62,0.25,82.94,22.04623323835616,1.934801756212368,102.39999999999999,6.726068688320096,-2.2003938237650735,111,0.2,106,0.14,104,0.21,102,0.16,100,0.18,92,0.07,73,0.03999999999999978,102.56,7.767007145612769,-2.1173239859339845,-19.450000000000003,14.850481082206239,6.329877033435167,-19.620000000000005,14.27922609274339,4.052125742146353,87.56789125043248,99.64723976488794,92.34768110114936,99.72172882680191,-12.07934851445546,-7.29955866373858,-12.153837576369426,-7.374047725652545,7.370651485544538,7.296162423630573,12.15044133626142,12.075952274347454,2.1946814534577253,-0.08306983783108901
26,0.09,91,0.91,51,0.86,77,0.14,57,54.6,74.2,-19.6,11.4472704170033,6.93974062915899,4.50752978784436,2.86531188703993,-2.07500550373532,4.94031739077524,-21 to -19,4 to 6,rl,54.6,11.447270417003347,2.865311887039926,95,0.06,77,0.03,64,0.05,56,0.21,53,0.15,51,0.17,45,0.33,54.44,12.27951139093083,2.2183807402152484,74.2,6.9397406291589885,-2.0750055037353152,84,0.22,78,0.06,75,0.2,73,0.25,71,0.21,59,0.03,40,0.03000000000000001,74.28999999999999,8.163694016803912,-2.059004272341414,-19.6,4.5075297878443585,4.940317390775242,-19.849999999999994,4.115817374126918,4.277385012556662,57.31045301321548,71.43277400599308,58.34917788881627,71.50229269819081,-14.122320992777603,-13.08359611717681,-14.191839684975335,-13.153114809374543,5.477679007222399,5.408160315024666,6.516403882823191,6.4468851906254585,0.6469311468246777,-0.016001231393901083
59,0.05,184,0.95,105,0.93,132,0.07,100,108.95,129.76,-20.81,17.2176508269857,8.16470452619077,9.05294630079489,4.12948320967015,-3.37060574717957,7.50008895684972,-21 to -19,9 to 11,rl,108.95,17.21765082698566,4.129483209670145,186,0.02,151,0.05,121,0.16,108,0.35,104,0.06,99,0.26,85,0.10000000000000012,108.91000000000001,17.755616012968968,2.0627177039433566,129.76000000000002,8.164704526190768,-3.3706057471795705,138,0.24,133,0.14,131,0.19,129,0.11,127,0.23,113,0.07,85,0.02,129.64,8.921345190048417,-2.7601806048436472,-20.810000000000016,9.052946300794893,7.500088956849716,-20.729999999999976,8.834270822920551,4.822898308787003,112.78292792871923,125.73963224636034,116.44915966657373,126.01059434687211,-12.956704317641112,-9.29047257978661,-13.227666418152879,-9.561434680298376,7.853295682358887,7.58233358184712,11.51952742021339,11.248565319701623,2.066765505726788,-0.6104251423359233
100,0.08,154,0.92,70,0.87,59,0.13,34,76.72,55.75,20.97,22.7886287433009,8.40758586040012,14.3810428829008,3.09628107925284,-2.20039382376519,5.29667490301803,19 to 21,14 to 16,rl,76.72,22.7886287433009,3.096281079252839,153,0.04,124,0.06,103,0.03,85,0.16,75,0.24,67,0.26,53,0.21,76.8,23.280463912903453,1.7085617352111289,55.75,8.407585860400118,-2.2003938237651948,65,0.29,59,0.07,57,0.14,55,0.24,51,0.2,37,0.02,20,0.04,55.9,9.410100955887774,-2.146562261512626,20.97,14.381042882900783,5.296674903018033,20.9,13.87036295701568,3.855123996723755,80.91996071374972,52.28347701633909,84.6916073724424,52.40216103350239,28.636483697410625,32.408130356103314,28.51779968024733,32.28944633894002,7.6664836974106265,7.54779968024733,11.438130356103315,11.319446338940018,1.38771934404171,-0.05383156225256869
24,0.07,175,0.93,128,0.9,113,0.1,91,131.29,110.8,20.49,11.9919097728427,6.6,5.39190977284269,3.37060574717951,-2.66666666666655,6.03727241384606,19 to 21,4 to 6,rl,131.29000000000002,11.991909772842689,3.3706057471795132,178,0.04,151,0.1,140,0.02,131,0.23,129,0.16,127,0.22,120,0.22999999999999998,131.33,12.722464383915561,2.178309324835135,110.8,6.6000000000000005,-2.6666666666665457,120,0.17,114,0.2,112,0.13,110,0.18,108,0.27,94,0.03,72,0.02,110.97999999999999,7.576252371720467,-2.7785896998411617,20.490000000000023,5.391909772842689,6.037272413846059,20.350000000000023,5.146212012195094,4.9568990246762965,134.38220755712425,108.05091514634472,135.7824487517795,107.97699720227689,26.331292410779525,27.731533605434777,26.405210354847355,27.805451549502607,5.841292410779527,5.915210354847357,7.241533605434778,7.315451549502608,1.1922964223443784,0.11192303317461594
90,0.03,153,0.97,64,0.88,48,0.12,29,66.67,45.72,20.95,15.1822626772165,6.17426918752333,9.00799348969313,5.51037758854918,-2.33873832860733,7.84911591715651,19 to 21,9 to 11,rl,66.67,15.182262677216464,5.51037758854918,141,0.02,99,0.07,69,0.34,64,0.14,62,0.09,60,0.18,52,0.16,66.87,15.194508876564587,2.8147728699507475,45.72,6.174269187523329,-2.3387383286073264,53,0.26,49,0.16,47,0.11,45,0.13,43,0.23,36,0.08,15,0.03000000000000001,45.86000000000001,7.300712294016249,-2.2205153075049284,20.950000000000003,9.007993489693135,7.849115917156507,21.009999999999998,7.893796582548338,5.035288177455676,71.61816692366855,42.933596104848476,74.65192800485964,43.20190746848586,28.684570818820077,31.718331900011165,28.416259455182697,31.450020536373785,7.734570818820078,7.466259455182698,10.768331900011166,10.500020536373786,2.6956047185984326,-0.11822302110239802
64,0.11,133,0.89,63,0.96,62,0.04,23,70.7,60.44,10.26,21.9022829860268,7.64240799748352,14.2598749885433,2.49289081119232,-4.69485534033444,7.18774615152676,9 to 11,14 to 16,rl,70.7,21.902282986026822,2.4928908111923196,151,0.02,120,0.07,97,0.06,80,0.16,70,0.23,61,0.15,50,0.31,70.78999999999999,22.393880860627977,1.5085583514573604,60.44,7.642407997483516,-4.694855340334441,67,0.18,64,0.23,62,0.24,60,0.2,56,0.09,41,0.04,13,0.02,60.599999999999994,8.55336191213724,-3.8514586389085017,10.260000000000005,14.259874988543306,7.187746151526761,10.189999999999998,13.840518948490738,5.360016990365862,75.27992790611734,56.34824334108592,77.01870155117342,56.67735640657332,18.931684565031418,20.670458210087503,18.60257149954402,20.341345144600105,8.671684565031418,8.34257149954402,10.410458210087503,10.081345144600105,0.9843324597349592,-0.8433967014259394
74,0.08,187,0.92,122,0.98,119,0.02,32,127.2,117.26,9.94000000000001,17.6340579561257,12.18,5.4540579561257,3.0962810792529,-6.85714285714288,9.95342393639578,9 to 11,4 to 6,rl,127.20000000000002,17.634057956125698,3.0962810792529036,196,0.03,165,0.04,139,0.25,131,0.02,124,0.18,119,0.32,106,0.16,127.21000000000001,18.15284826136108,1.7762712947825319,117.26,12.18,-6.857142857142874,126,0.16,121,0.23,119,0.26,117,0.13,113,0.18,82,0.02,44,0.02000000000000001,117.00000000000001,12.314219423089718,-4.560483715748122,9.940000000000012,5.454057956125698,9.953423936395778,10.209999999999994,5.838628838271362,6.336755010530654,130.64473749071811,110.91887154476163,133.36850570486615,111.01932660261372,19.725865945956485,22.449634160104523,19.625410888104398,22.349179102252435,9.785865945956475,9.685410888104387,12.509634160104513,12.409179102252425,1.3200097844703718,-2.296659141394752
45,0.04,185,0.96,93,0.97,89,0.03,45,96.68,87.68,9.00000000000001,18.0282445068842,7.50583772806207,10.5224067788221,4.69485534033448,-5.51037758854905,10.2052329288835,9 to 11,9 to 11,rl,96.68,18.028244506884192,4.694855340334481,165,0.05,137,0.02,112,0.07,98,0.25,93,0.09,90,0.36,79,0.16,96.74,18.70968733036445,2.5115081380225686,87.67999999999999,7.505837728062072,-5.510377588549049,94,0.23,92,0.09,90,0.12,88,0.15,86,0.17,83,0.22,42,0.02,87.62,7.652163092877726,-4.134047806590887,9.000000000000014,10.52240677882212,10.205232928883529,9.11999999999999,11.057524237486724,6.645555944613456,101.28029641988776,84.21225443581766,105.24571047032012,83.9040071372113,17.068041984070106,21.033456034502464,17.376289282676467,21.341703333108825,8.068041984070096,8.376289282676456,12.033456034502453,12.341703333108814,2.1833472023119125,-1.3763297819581615
111,0.9,80,0.1,14,0.13,88,0.87,71,73.4,73.21,0.189999999999998,19.8,5.71715838507208,14.0828416149279,-2.66666666666667,2.20039382376524,-4.86706049043191,-1 to 1,14 to 16,lr,73.4,19.8,-2.6666666666666674,92,0.27,80,0.37,74,0.13,66,0.07,54,0.02,41,0.04,22,0.09999999999999978,73.6,20.66591396478751,-1.5326311175670788,73.21000000000001,5.717158385072081,2.2003938237652423,103,0.03,86,0.04,77,0.18,75,0.23,73,0.08,71,0.15,67,0.29,73.56,6.94884163008483,2.283232054705422,0.18999999999999773,14.082841614927919,-4.86706049043191,0.03999999999999204,13.71707233470268,-3.8158631722725005,66.5990876969816,75.32586024387605,64.93099160683067,74.66665808071328,-8.726772546894452,-10.394868637045377,-8.067570383731677,-9.735666473882603,-8.91677254689445,-8.257570383731675,-10.584868637045375,-9.9256664738826,-1.1340355490995886,-0.08283823094017961
196,0.89,164,0.11,125,0.1,184,0.9,158,159.71,160.6,-0.890000000000015,12.2027005207864,7.8,4.40270052078637,-2.49289081119237,2.66666666666689,-5.15955747785925,-1 to 1,4 to 6,lr,159.71,12.202700520786372,-2.492890811192367,173,0.26,164,0.19,161,0.15,158,0.12,152,0.21,131,0.05,103,0.02000000000000001,159.78,12.962700335963955,-1.9913054114766846,160.60000000000002,7.8,2.6666666666668877,196,0.04,179,0.02,167,0.09,162,0.22,160,0.26,158,0.08,153,0.29000000000000004,160.7,8.853812738024224,2.551656262529575,-0.8900000000000148,4.4027005207863725,-5.159557477859255,-0.9199999999999875,4.108887597939731,-4.54296167400626,154.60625036857223,163.0419088575003,154.61320742065828,162.99622954938468,-8.435658488928055,-8.428701436842005,-8.389979180812446,-8.383022128726395,-7.545658488928041,-7.499979180812431,-7.53870143684199,-7.4930221287263805,-0.5015853997156825,0.11501040413731278
197,0.96,127,0.04,34,0.09,153,0.91,121,123.28,123.88,-0.599999999999994,18.2242036863068,9.15781633360268,9.06638735270417,-4.69485534033442,2.86531188703977,-7.56016722737418,-1 to 1,9 to 11,lr,123.28,18.224203686306844,-4.694855340334415,138,0.24,130,0.25,126,0.17,121,0.2,107,0.07,83,0.02,55,0.04999999999999979,123.13999999999999,18.69974331374629,-2.5289212607779405,123.88,9.157816333602678,2.8653118870397676,161,0.05,144,0.02,130,0.09,125,0.18,123,0.25,121,0.17,115,0.24,124.04999999999998,10.054227966383097,2.476794394856084,-0.5999999999999943,9.066387352704165,-7.560167227374183,-0.9099999999999966,8.645515347363192,-5.005715655634025,115.18112694946436,126.46919044359912,114.30754220029021,126.87934231105302,-11.28806349413476,-12.161648243308903,-11.698215361588666,-12.571800110762808,-10.688063494134767,-11.098215361588672,-11.561648243308909,-11.971800110762814,-2.1659340795564748,0.38851749218368337
186,0.91,145,0.09,74,0.04,171,0.96,148,138.61,148.92,-10.31,20.3189049901809,4.50706112672105,15.8118438634599,-2.86531188703996,4.69485534033272,-7.56016722737268,-11 to -9,14 to 16,lr,138.61,20.318904990180943,-2.86531188703996,158,0.28,148,0.12,142,0.25,134,0.18,121,0.07,101,0.03,78,0.06999999999999977,138.57999999999998,21.06759597106417,-1.6460237138987108,148.92,4.507061126721048,4.694855340332716,178,0.03,151,0.27,149,0.24,147,0.18,145,0.2,143,0.02,141,0.06,148.65,5.887911344441252,3.532219743225222,-10.309999999999974,15.811843863459895,-7.560167227372676,-10.070000000000022,15.179684626622915,-5.178243457123933,131.0011367568419,150.2832237159158,129.7103551685568,151.06142761758002,-19.282086959073894,-20.572868547359008,-20.06029086073812,-21.351072449023235,-8.972086959073893,-9.75029086073812,-10.262868547359007,-11.041072449023234,-1.219288173141249,1.1626355971074944
146,0.91,161,0.09,115,0.12,187,0.88,164,156.86,166.76,-9.90000000000001,13.1643609795538,7.47411533226508,5.69024564728877,-2.86531188703981,2.33873832860721,-5.20405021564703,-11 to -9,4 to 6,lr,156.85999999999999,13.16436097955385,-2.865311887039814,170,0.25,162,0.17,159,0.14,157,0.12,152,0.24,133,0.02,111,0.06,156.94,13.839667626066747,-2.0901399551497577,166.76,7.474115332265083,2.3387383286072123,199,0.04,179,0.06,169,0.22,167,0.2,165,0.17,163,0.13,157,0.1799999999999999,166.78,8.437511481473669,2.1200593096961207,-9.900000000000006,5.690245647288767,-5.204050215647026,-9.840000000000003,5.402156144593079,-4.210199264845878,151.77499994630065,168.4427470125279,151.09403292610722,168.78617652534587,-16.667747066227236,-17.34871408642067,-17.011176579045213,-17.692143599238648,-6.767747066227226,-7.111176579045203,-7.448714086420662,-7.7921435992386385,-0.7751719318900565,0.21867901891109165
184,0.97,162,0.03,71,0.1,187,0.9,168,159.27,169.9,-10.63,15.5234371194011,5.7,9.8234371194011,-5.51037758854891,2.66666666666647,-8.17704425521537,-11 to -9,9 to 11,lr,159.26999999999998,15.523437119401104,-5.510377588548908,176,0.11,166,0.18,164,0.22,161,0.28,153,0.13,128,0.04,95,0.0399999999999999,159.21,15.941954083486742,-2.772667672547534,169.9,5.7,2.6666666666664667,200,0.03,179,0.08,173,0.12,171,0.13,169,0.17,167,0.22,164,0.25,169.78,6.7669490909862775,2.7166704210892165,-10.630000000000024,9.823437119401103,-8.177044255215375,-10.569999999999993,9.175004992500465,-5.48933809363675,152.71749797757937,171.81107360260194,151.46056021559608,171.65109082455035,-19.093575625022567,-20.35051338700586,-18.93359284697098,-20.190530608954276,-8.463575625022566,-8.30359284697098,-9.72051338700586,-9.560530608954275,-2.7377099160013745,-0.050003754422749846
151,0.93,107,0.07,29,0.04,142,0.96,120,101.54,120.88,-19.34,19.90146728259,4.31110194729839,15.5903653352916,-3.37060574717937,4.6948553403343,-8.06546108751367,-21 to -19,14 to 16,lr,101.54,19.901467282589994,-3.370605747179368,119,0.31,111,0.15,106,0.06,101,0.27,88,0.11,66,0.03,41,0.07,101.7,20.586160399647138,-1.7850102112819386,120.88,4.311101947298394,4.694855340334297,155,0.02,132,0.03,124,0.15,122,0.25,120,0.2,118,0.22,116,0.13,121.2,5.808614292583043,4.019070132712568,-19.33999999999999,15.590365335291601,-8.065461087513665,-19.5,14.777546107064095,-5.804080343994507,93.92319867945807,123.47251456848987,92.40082372050074,122.92832206898959,-29.549315889031803,-31.07169084798913,-29.00512338953152,-30.527498348488848,-10.209315889031803,-9.66512338953152,-11.731690847989132,-11.187498348488848,-1.5855955358974294,0.675785207621729
121,0.93,125,0.07,69,0.03,192,0.97,139,121.08,140.59,-19.51,14.2882329208338,9.04112271789295,5.24711020294089,-3.37060574717933,5.51037758854834,-8.88098333572768,-21 to -19,4 to 6,lr,121.08,14.288232920833844,-3.3706057471793316,133,0.3,126,0.23,123,0.13,119,0.09,113,0.18,92,0.02,67,0.05000000000000001,121.10999999999999,14.965223018719099,-2.3808405670588866,140.58999999999997,9.04112271789295,5.510377588548345,195,0.02,160,0.05,143,0.23,141,0.1,139,0.15,137,0.2,135,0.25,140.89,9.490937782959069,4.042228397740471,-19.509999999999977,5.247110202940894,-8.880983335727677,-19.78,5.47428523576003,-6.4230689647993575,114.8405403752095,145.07540030138998,114.51854010702618,145.34328296918608,-30.234859926180476,-30.556860194363793,-30.502742593976578,-30.824742862159894,-10.724859926180475,-10.992742593976576,-11.046860194363791,-11.314742862159893,-0.989765180120445,1.4681491908078739
167,0.97,125,0.03,40,0.11,156,0.89,141,122.45,142.65,-20.2,14.4999137928472,4.6933463541486,9.80656743869858,-5.51037758854918,2.4928908111929,-8.00326839974209,-21 to -19,9 to 11,lr,122.45,14.499913792847185,-5.510377588549181,138,0.11,128,0.39,126,0.09,124,0.15,117,0.19,91,0.04,55,0.03,122.56,14.892494754069917,-3.048574225008484,142.65,4.693346354148605,2.4928908111929027,173,0.02,152,0.06,145,0.21,143,0.3,141,0.16,139,0.1,135,0.15000000000000002,142.64000000000001,5.950663828515269,2.5590437277865683,-20.200000000000003,9.806567438698579,-8.003268399742083,-20.080000000000013,8.941830925554648,-5.607617952795053,116.1776898742365,144.15777965211194,115.15546833324909,144.00400747525146,-27.980089777875435,-29.00231131886285,-27.82631760101495,-28.848539142002366,-7.780089777875435,-7.62631760101495,-8.802311318862852,-8.648539142002367,-2.461803363540697,-0.06615291659366562
153,0.95,158,0.05,20,0.13,169,0.87,126,151.1,131.59,19.51,30.0764027104306,14.4610476798882,15.6153550305424,-4.12948320967011,2.20039382376516,-6.32987703343527,19 to 21,14 to 16,lr,151.1,30.07640271043065,-4.129483209670111,182,0.21,166,0.23,154,0.31,137,0.06,116,0.12,86,0.03,53,0.04,150.98000000000002,30.430570155683906,-1.564970454372746,131.59,14.461047679888203,2.200393823765163,189,0.03,165,0.05,149,0.06,139,0.09,133,0.16,128,0.26,119,0.35000000000000003,131.58,15.393622055903544,1.9715033653880352,19.50999999999999,15.615355030542446,-6.329877033435274,19.400000000000006,15.036948099780362,-3.536473819760781,139.9162641008829,135.43234113906456,136.62599518858445,135.27448808651005,4.483922961818337,1.1936540495198926,4.6417760143728515,1.3515071020744074,-15.026077038181665,-14.86822398562715,-18.31634595048011,-18.158492897925594,-2.5645127552973648,0.22889045837712763
143,0.96,111,0.04,19,0.08,134,0.92,83,107.32,87.08,20.24,18.0282445068842,13.8359531655755,4.19229134130864,-4.69485534033444,3.09628107925281,-7.79113641958725,19 to 21,4 to 6,lr,107.32000000000001,18.02824450688419,-4.694855340334444,135,0.06,118,0.21,112,0.3,108,0.27,94,0.09,69,0.02,40,0.05,107.47999999999998,18.668947479705437,-2.3362008509449232,87.08,13.835953165575548,3.09628107925281,149,0.03,120,0.02,95,0.22,87,0.23,84,0.16,80,0.26,64,0.08,87.14,14.410426780633529,2.281435905763175,20.24000000000001,4.192291341308641,-7.791136419587254,20.339999999999975,4.258520699071909,-4.617636756708098,101.15751637078229,89.89738806012461,98.4440202411473,91.91990447612574,11.260128310657677,8.546632181022687,9.237611894656553,6.524115765021563,-8.979871689342321,-11.002388105343446,-11.693367818977311,-13.715884234978436,-2.3586544893895205,0.8148451734896351
152,0.96,142,0.04,9,0.06,184,0.94,113,136.68,117.26,19.42,26.062570863213,16.8615657635938,9.20100509961917,-4.69485534033445,3.70546845269267,-8.40032379302713,19 to 21,9 to 11,lr,136.68,26.062570863213015,-4.694855340334454,183,0.03,157,0.28,147,0.16,138,0.24,121,0.21,89,0.02,55,0.06,136.58,26.359506823914593,-1.635701277076375,117.25999999999999,16.86156576359384,3.7054684526926724,168,0.08,144,0.02,122,0.29,117,0.05,113,0.13,110,0.22,100,0.21,117.44,17.414545644374417,1.8037565658762251,19.420000000000016,9.201005099619174,-8.400323793027127,19.140000000000015,8.944961179540176,-3.4394578429526,129.06789613701184,120.02371533087471,123.84842056600642,124.05148161911038,9.044180806137135,3.8247052351317166,5.016414517901467,-0.2030610531039514,-10.375819193862867,-14.403585482098535,-15.595294764868285,-19.623061053103953,-3.059154063258079,1.9017118868164473
162,0.9,172,0.1,100,0.09,176,0.91,152,164.8,154.16,10.64,21.6,6.86836225020201,14.731637749798,-2.66666666666669,2.86531188703992,-5.53197855370661,9 to 11,14 to 16,lr,164.8,21.6,-2.666666666666689,185,0.3,172,0.31,164,0.1,155,0.04,143,0.19,116,0.03,87,0.03000000000000001,164.67999999999998,22.038548046547895,-1.5747858247760316,154.16,6.868362250202009,2.8653118870399226,190,0.03,173,0.02,161,0.06,156,0.14,154,0.34,152,0.21,146,0.2,154.14000000000001,7.951125706464462,2.840661226183581,10.640000000000015,14.731637749797994,-5.531978553706612,10.539999999999964,14.087422340083432,-4.415447050959613,156.20562256612186,156.37496234601034,155.5610817529062,156.40950673328976,-0.1693397798884746,-0.8138805931041304,-0.20388416716789948,-0.8484249803835553,-10.809339779888475,-10.8438841671679,-11.453880593104131,-11.488424980383556,-1.0918808418906576,0.02465066085634149
115,0.9,156,0.1,98,0.14,173,0.86,135,150.2,140.32,9.88000000000002,17.4,13.1855071954021,4.21449280459792,-2.66666666666669,2.07500550373519,-4.74167217040188,9 to 11,4 to 6,lr,150.20000000000002,17.400000000000002,-2.6666666666666914,168,0.25,158,0.14,152,0.22,145,0.28,129,0.05,108,0.02,84,0.0399999999999999,150.12999999999997,18.149190064573116,-2.0201129418042485,140.32,13.18550719540208,2.075005503735194,200,0.02,173,0.03,150,0.25,142,0.19,138,0.2,132,0.04,125,0.27,140.3,13.944532978913278,1.6748087108726841,9.880000000000024,4.214492804597922,-4.741672170401886,9.829999999999956,4.2046570856598375,-3.694921652676933,143.1536178169773,143.217804631226,142.75753807873,143.47678472830378,-0.06418681424869987,-0.4602665524959946,-0.32316691132649566,-0.7192466495737904,-9.94418681424872,-10.203166911326516,-10.340266552496015,-10.59924664957381,-0.6465537248624429,0.40019679286250986
138,0.91,155,0.09,100,0.06,163,0.94,139,150.05,140.44,9.61000000000001,15.7399968233796,5.6996842017782,10.0403126216014,-2.86531188703995,3.70546845269303,-6.57078033973299,9 to 11,9 to 11,lr,150.05,15.739996823379602,-2.865311887039952,163,0.34,154,0.33,150,0.09,145,0.03,138,0.12,120,0.02,100,0.06999999999999999,150.05,16.54592094747222,-1.9369950891268721,140.44,5.6996842017782,3.705468452693033,174,0.03,155,0.02,144,0.15,142,0.25,140,0.08,138,0.28,134,0.19,140.72,7.072594997594588,3.1276844951781646,9.610000000000014,10.040312621601402,-6.570780339732985,9.330000000000013,9.47332594987763,-5.064679584305036,143.53972649199483,142.86624771982778,143.15590893338907,142.73571209660068,0.6734787721670443,0.2896612135612884,0.8040143953941481,0.42019683678839215,-8.936521227832966,-8.805985604605862,-9.320338786438722,-9.189803163211618,-0.9283167979130797,0.5777839575148684
217,0.4,87,0.6,36,0.37,71,0.63,49,56.4,57.14,-0.739999999999995,24.9847953763884,10.6216947800245,14.3631005963639,0.408248290463863,0.538520463867706,-0.130272173403844,-1 to 1,14 to 16,ns,56.400000000000006,24.984795376388416,0.4082482904638626,114,0.06,89,0.14,73,0.08,60,0.19,50,0.21,36,0.24,11,0.08000000000000002,56.56,25.410753629123242,0.4146041439787778,57.14,10.621694780024514,0.5385204638677061,83,0.09,66,0.17,61,0.1,58,0.05,56,0.12,53,0.33,39,0.14,57.36000000000001,11.264563906339207,0.5159016078699799,-0.7399999999999949,14.363100596363902,-0.13027217340384356,-0.8000000000000043,14.146189722784035,-0.10129746389120203,55.42820830219547,57.064273507309494,55.74552059785042,57.121339181341824,-1.636065205114022,-1.3187529094590715,-1.6931308791463522,-1.3758185834914016,-0.8960652051140271,-0.9531308791463572,-0.5787529094590765,-0.6358185834914066,-0.006355853514915244,0.022618855997726284
254,0.53,199,0.47,181,0.6,194,0.4,187,190.54,191.2,-0.659999999999997,8.9837853936968,3.42928563989645,5.55449975380035,-0.120216584955119,-0.408248290463747,0.288031705508628,-1 to 1,4 to 6,ns,190.54,8.983785393696802,-0.12021658495511943,200,0.2,198,0.02,196,0.09,194,0.22,192,0.08,187,0.05,178,0.34,189.51000000000002,8.805106472950795,-0.3374794586853524,191.2,3.4292856398964493,-0.408248290463747,197,0.24,194,0.06,192,0.15,190,0.25,188,0.17,186,0.04,181,0.09,190.91,4.593680441650246,-0.41813170566869723,-0.6599999999999966,5.5544997538003535,0.28803170550862756,-1.3999999999999773,4.211426031300549,0.08065224698334483,188.2669870861514,189.921215119931,189.40619801457936,190.58809793516676,-1.6542280337795887,-0.5150171053516317,-2.321110849015355,-1.181899920587398,-0.9942280337795917,-1.6611108490153579,0.14498289464836533,-0.5218999205874009,0.21726287373023295,0.00988341520495023
309,0.51,174,0.49,125,0.45,167,0.55,137,149.99,150.5,-0.509999999999991,24.495099509902,14.9248115565993,9.57028795330268,-0.0400080024008013,0.201007563051842,-0.241015565452644,-1 to 1,9 to 11,ns,149.99,24.495099509901976,-0.040008002400801324,200,0.03,187,0.06,175,0.18,164,0.14,151,0.17,136,0.22,113,0.2,149.87,24.782112500753442,-0.03342626275042157,150.5,14.9248115565993,0.2010075630518423,184,0.08,163,0.21,155,0.15,151,0.04,147,0.18,140,0.23,122,0.11000000000000013,150.32,15.572976594087596,0.1964800561087012,-0.5099999999999909,9.570287953302676,-0.24101556545264363,-0.44999999999998863,9.209135906665846,-0.22990631885912277,148.07293458977196,149.1749061299639,147.2660874649946,149.52199959617127,-1.1019715401919257,-1.9088186649692886,-1.4490650063993087,-2.2559121311766717,-0.5919715401919347,-0.9390650063993177,-1.3988186649692977,-1.7459121311766808,-0.006581739650379753,0.0045275069431411075
234,0.41,146,0.59,111,0.48,138,0.52,132,125.35,134.88,-9.53,17.2141656783011,2.99759903923123,14.2165666390699,0.365977655713009,0.0800640769025484,0.28591357881046,-11 to -9,14 to 16,ns,125.35,17.21416567830111,0.3659776557130087,165,0.07,142,0.21,133,0.09,127,0.15,121,0.03,116,0.28,99,0.17,125.33,17.805086351938876,0.3633858045750475,134.88,2.9975990392312313,0.08006407690254837,142,0.17,140,0.03,138,0.12,136,0.24,134,0.1,132,0.14,129,0.2,135.22,4.348746945960411,0.0725628415654545,-9.530000000000001,14.21656663906988,0.28591357881046037,-9.89,13.456339405978465,0.290822963009593,124.82215158483989,134.77385380089535,124.76151119519609,134.61465257117445,-9.951702216055466,-10.01234260569926,-9.79250098633456,-9.853141375978353,-0.42170221605546665,-0.26250098633456,-0.4823426056992606,-0.3231413759783539,0.002591851137961232,0.007501235337093862
329,0.57,88,0.43,17,0.63,91,0.37,27,57.47,67.32,-9.84999999999999,35.1503783763418,30.8994757237077,4.25090265263416,-0.282785007136372,-0.538520463867705,0.255735456731333,-11 to -9,4 to 6,ns,57.47,35.15037837634184,-0.28278500713637167,97,0.34,78,0.07,61,0.19,47,0.04,33,0.1,19,0.11,2,0.15,57.599999999999994,35.379937817921615,-0.2765513779741444,67.32,30.899475723707678,-0.538520463867705,115,0.12,91,0.23,75,0.16,61,0.25,44,0.09,25,0.05,2,0.1,67.39,31.406335348142736,-0.5467625365331761,-9.849999999999994,4.250902652634164,0.25573545673133335,-9.790000000000006,3.9736024697788785,0.27021115855903166,50.84353182100634,61.12310362706776,51.984394907212106,61.11234085335472,-10.279571806061426,-9.138708719855657,-10.268809032348386,-9.127945946142617,-0.4295718060614355,-0.4188090323483955,0.7112912801443336,0.7220540538573736,-0.00623362916222725,0.008242072665471056
252,0.35,143,0.65,112,0.36,141,0.64,129,122.85,133.32,-10.47,14.7860576219627,5.76,9.02605762196266,0.62897090203315,0.583333333333265,0.0456375686998846,-11 to -9,9 to 11,ns,122.85,14.786057621962657,0.6289709020331499,162,0.07,143,0.09,133,0.04,125,0.23,120,0.26,112,0.24,91,0.06999999999999999,122.73,15.823308756388471,0.6302132402401022,133.32,5.76,0.5833333333332654,156,0.04,141,0.09,137,0.15,135,0.18,133,0.19,131,0.24,120,0.11,133.69,7.00813099192645,0.5758792859783585,-10.469999999999999,9.026057621962657,0.045637568699884445,-10.959999999999994,8.815177764462021,0.0543339542617437,122.33803442033722,133.7823433968666,123.0716199590609,133.35781852283503,-11.44430897652937,-10.710723437805697,-11.019784102497809,-10.286198563774136,-0.97430897652937,-0.5497841024978083,-0.2407234378056966,0.1838014362258651,-0.0012423382069522981,0.007454047354906956
271,0.35,126,0.65,84,0.37,126,0.63,114,98.7,118.44,-19.74,20.0327232297559,5.79365169819519,14.2390715315607,0.628970902033145,0.538520463867671,0.0904504381654743,-21 to -19,14 to 16,ns,98.69999999999999,20.03272322975586,0.6289709020331453,143,0.08,121,0.18,110,0.09,103,0.07,96,0.06,89,0.24,76,0.28,98.72999999999999,20.6542271702429,0.6302113581194679,118.44,5.793651698195188,0.538520463867671,134,0.09,122,0.23,120,0.2,118,0.07,116,0.08,114,0.17,108,0.1599999999999999,118.32000000000001,6.815981220631406,0.5330987991540361,-19.74000000000001,14.239071531560672,0.09045043816547427,-19.590000000000018,13.838245949611494,0.0971125589654318,99.3049170724225,118.16419315794315,99.00025929937283,118.42982137164098,-18.859276085520648,-19.163933858570317,-19.124904299218485,-19.429562072268155,0.8807239144793506,0.615095700781513,0.5760661414296813,0.31043792773184364,-0.0012404560863226166,0.005421664713634922
215,0.35,82,0.65,63,0.59,93,0.41,85,69.65,89.72,-20.07,9.06242241346098,3.93466644075454,5.12775597270644,0.628970902033154,-0.365977655713007,0.99494855774616,-21 to -19,4 to 6,ns,69.65,9.062422413460984,0.6289709020331538,101,0.04,80,0.16,73,0.17,71,0.06,69,0.2,65,0.24,52,0.13,69.67,10.209853084153561,0.6306241240740882,89.72,3.93466644075454,-0.3659776557130068,100,0.08,94,0.31,92,0.02,90,0.13,88,0.28,86,0.07,79,0.10999999999999976,90.02999999999999,5.346877593511934,-0.36439987442796695,-20.069999999999993,5.127755972706444,0.9949485577461605,-20.359999999999985,4.862975490641627,0.9950239985020551,69.89565984484075,89.22917085056879,69.78583158781153,89.04728539879628,-19.33351100572804,-19.443339262757263,-19.151625553955526,-19.261453810984747,0.7364889942719586,0.9183744460444743,0.6266607372427373,0.808546189015253,-0.0016532220409344323,-0.0015777812850398254
274,0.45,81,0.55,49,0.39,90,0.61,79,63.4,83.29,-19.89,15.9197989937059,5.36524929523317,10.5545496984728,0.201007563051842,0.451050802457566,-0.250043239405724,-21 to -19,9 to 11,ns,63.400000000000006,15.91979899370592,0.20100756305184228,93,0.13,75,0.23,68,0.11,63,0.14,58,0.03,52,0.09,42,0.27,63.400000000000006,16.835082417380676,0.20057261784637143,83.28999999999999,5.365249295233167,0.45105080245756635,97,0.1,87,0.11,85,0.25,83,0.06,81,0.19,79,0.17,72,0.12,82.96000000000001,6.352826142749383,0.4530719526569232,-19.889999999999986,10.554549698472751,-0.25004323940572404,-19.560000000000002,10.482256274631293,-0.25249933481055176,62.4757506357208,82.64623940740584,62.35679956924935,83.1927248812247,-20.170488771685044,-20.289439838156497,-20.716974245503906,-20.83592531197536,-0.28048877168504305,-0.8269742455039051,-0.3994398381564963,-0.9459253119753583,0.0004349452054708547,-0.002021150199356836
295,0.46,69,0.54,30,0.4,33,0.6,23,47.94,27.0,20.94,19.4374998392283,4.89897948556636,14.5385203536619,0.160514470781025,0.408248290463863,-0.247733819682838,19 to 21,14 to 16,ns,47.940000000000005,19.437499839228295,0.1605144707810251,90,0.07,67,0.21,57,0.08,50,0.11,43,0.23,33,0.17,14,0.12999999999999978,47.75,20.010684645958513,0.15900331097254766,27.0,4.898979485566356,0.4082482904638632,39,0.11,31,0.18,29,0.07,27,0.1,25,0.21,23,0.19,17,0.14000000000000012,26.600000000000005,6.059702963017248,0.41547367489609716,20.940000000000005,14.538520353661939,-0.24773381968283809,21.149999999999995,13.950981682941265,-0.2564703639235495,46.326447116779455,26.290555950788853,46.51652037173855,26.871670705460865,20.035891165990602,20.225964420949698,19.45477641131859,19.644849666277686,-0.9041088340093992,-1.4852235886814107,-0.7140355790503037,-1.2951503337223151,0.0015111598084774358,-0.007225384432233972
273,0.38,89,0.62,62,0.4,62,0.6,46,72.26,52.4,19.86,13.1054339874725,7.83836717690617,5.26706681056636,0.494451386058194,0.408248290463863,0.0862030955943313,19 to 21,4 to 6,ns,72.25999999999999,13.105433987472525,0.49445138605819433,103,0.1,88,0.05,77,0.23,73,0.12,69,0.07,65,0.35,45,0.08,72.35,13.811136810559804,0.49948464968663786,52.4,7.83836717690617,0.40824829046386313,76,0.06,57,0.38,54,0.11,52,0.04,50,0.08,48,0.2,37,0.13,52.65,8.766270586743259,0.4089604620435514,19.859999999999992,5.267066810566355,0.0862030955943312,19.699999999999996,5.044866223816545,0.09052418764308645,71.64630706462937,52.38233941609962,72.12912047935731,52.19467312873739,19.26396764852975,19.746781063257693,19.451633935891977,19.93444735061992,-0.5960323514702495,-0.4083660641080229,-0.11321893674230665,0.07444735061991992,-0.0050332636284435295,-0.000712171579688281
242,0.52,96,0.48,40,0.44,71,0.56,33,69.12,49.72,19.4,27.9775910328248,18.8627039419061,9.11488709091872,-0.0800640769025442,0.241746889207614,-0.321810966110158,19 to 21,9 to 11,ns,69.12,27.977591032824822,-0.08006407690254416,125,0.06,98,0.21,82,0.19,70,0.11,58,0.17,43,0.12,22,0.1399999999999999,69.46,28.420562978238127,-0.08316669086579875,49.72,18.8627039419061,0.241746889207614,78,0.24,66,0.05,58,0.08,51,0.16,45,0.04,38,0.15,26,0.28,49.6,19.74740489279541,0.23991279714155367,19.400000000000006,9.114887090918721,-0.32181096611015814,19.859999999999992,8.673158085442719,-0.3230794880073524,66.58356468425106,48.06857947678939,65.7986913650642,48.630188722652605,18.51498520746167,17.730111888274813,17.953375961598454,17.168502642411596,-0.8850147925383283,-1.446624038401545,-1.6698881117251858,-2.2314973575884025,0.0031026139632545913,0.0018340920660603333
289,0.35,79,0.65,55,0.36,62,0.64,48,63.4,53.04,10.36,11.4472704170033,6.72,4.72727041700335,0.628970902033148,0.583333333333337,0.0456375686998107,9 to 11,4 to 6,ns,63.4,11.447270417003347,0.6289709020331481,104,0.03,80,0.12,71,0.06,65,0.25,62,0.24,56,0.22,38,0.08000000000000011,63.470000000000006,12.277992506920668,0.6221579963268787,53.04,6.72,0.5833333333333375,76,0.05,60,0.13,55,0.3,53,0.23,51,0.03,49,0.11,40,0.15000000000000002,53.21000000000001,7.823419968274744,0.5846239611536987,10.36,4.727270417003347,0.045637568699810616,10.259999999999998,4.454572538645924,0.03753403517317999,63.71153522766716,53.287820258397566,63.57157674249876,53.08412160997418,10.423714969269597,10.283756484101197,10.62741361769298,10.48745513252458,0.06371496926959708,0.26741361769298067,-0.07624351589880263,0.12745513252458096,0.0068129057062693565,-0.0012906278203612676
291,0.36,129,0.64,17,0.35,108,0.65,15,57.32,47.55,9.77,53.76,44.358172865888,9.40182713411203,0.583333333333333,0.628970902033151,-0.0456375686998176,9 to 11,9 to 11,ns,57.32,53.76,0.5833333333333336,156,0.13,122,0.06,88,0.21,59,0.1,34,0.08,13,0.18,2,0.24,57.51999999999999,53.351378613865265,0.5807825240623831,47.55,44.35817286588797,0.6289709020331511,124,0.17,92,0.09,62,0.19,37,0.05,14,0.32,7,0.03,2,0.15,47.98,44.01362970717139,0.6288553663708597,9.770000000000003,9.401827134112025,-0.0456375686998175,9.539999999999992,9.337748906693875,-0.04807284230847664,57.956002385564574,47.99814551952089,57.67297287979344,48.214859877182704,9.957856866043684,9.674827360272552,9.74114250838187,9.458113002610737,0.1878568660436848,-0.02885749161812967,-0.09517263972744772,-0.3118869973892622,0.002550809270950527,0.00011553566229138834
